## MyCAT全局表详解--全局表概述

### 作者
陈刚

### 日期
2018-05-11

### 标签
MyCAT 全局表 

### 环境与版本说明
MySQL：5.6.22

MyCAT：1.6.5

### 背景
全局表，意思是在每一个分片中都存在该表，而且没一个分片中该表的数据完全相同；一般将数据量不大、数据变动不频繁、且需要与其他表做join的基表设计成全局表。

### 功能演示
1、在schema.xml中定义一张全局表，表名为T20180511，数据分布在9个分片中
~~~
<table name="T20180511" dataNode="dn,dn0000,dn0001,dn0002,dn0003,dn0004,dn0005,dn0006,dn0007" primaryKey="id" type="global" />
~~~
完整的schema.xml文件内容如下：
~~~
<?xml version="1.0"?>
<!DOCTYPE mycat:schema SYSTEM "schema.dtd">
<mycat:schema xmlns:mycat="http://io.mycat/">
	<schema name="demo" checkSQLschema="false" dataNode="dn" sqlMaxLimit="100">
		<table name="T20180511" dataNode="dn,dn0000,dn0001,dn0002,dn0003,dn0004,dn0005,dn0006,dn0007" primaryKey="id" type="global" />
	</schema>

	<dataNode name="dn" dataHost="host1" database="demo" />
	<dataNode name="dn0000" dataHost="host1" database="demo_0000" />
	<dataNode name="dn0001" dataHost="host1" database="demo_0001" />
	<dataNode name="dn0002" dataHost="host1" database="demo_0002" />
	<dataNode name="dn0003" dataHost="host1" database="demo_0003" />
	<dataNode name="dn0004" dataHost="host1" database="demo_0004" />
	<dataNode name="dn0005" dataHost="host1" database="demo_0005" />
	<dataNode name="dn0006" dataHost="host1" database="demo_0006" />
	<dataNode name="dn0007" dataHost="host1" database="demo_0007" />

	<dataHost name="host1" maxCon="1000" minCon="10" balance="0" writeType="0" dbType="mysql" dbDriver="native" switchType="1"  slaveThreshold="100">
		<heartbeat>select user()</heartbeat>
		<writeHost host="hostM1" url="192.168.100.11:3306" user="mycat"  password="123456">
		</writeHost>
	</dataHost>
</mycat:schema>
~~~

2、由于全局表没有分片规则，所以不需要在rule.xml中做定义。

3、重启MyCAT实例。

4、创建表

连接MyCAT实例，并执行建表语句
~~~
mysql> use demo
mysql> create table t20180511(id int,c1 int,c2 varchar(100));
~~~~

此时，使用desc查看表结构，发现除了定义的几个字段之外，还多了一个字段"_mycat_op_time",这个字段是MyCAT自行增加的，目的是为了记录每行数据最后操作时间，用于对全局表做数据的一致性判断。

后续会有专门文章介绍全局表的一致性检测的内容。
~~~
mysql> desc t20180511;
+----------------+--------------+------+-----+---------+-------+
| Field          | Type         | Null | Key | Default | Extra |
+----------------+--------------+------+-----+---------+-------+
| id             | int(11)      | YES  |     | NULL    |       |
| c1             | int(11)      | YES  |     | NULL    |       |
| c2             | varchar(100) | YES  |     | NULL    |       |
| _mycat_op_time | bigint(20)   | YES  |     | NULL    |       |
+----------------+--------------+------+-----+---------+-------+
4 rows in set (0.01 sec)
~~~

5、插入一行数据，并查询数据
~~~
mysql> insert into t20180511(id,c1,c2) values(0,10,'A');
mysql> select * from t20180511;
mysql> select * from t20180511;
+------+------+------+----------------+
| id   | c1   | c2   | _mycat_op_time |
+------+------+------+----------------+
|    0 |   10 | A    |  1526480240656 |
+------+------+------+----------------+
1 row in set (0.01 sec)
~~~

6、然后直接连接MySQL数据库，随机查看某个分片中该表的数据，可知每个分片的数据量都是一样的。
~~~
mysql> select * from demo_0000.t20180511;
+------+------+------+----------------+
| id   | c1   | c2   | _mycat_op_time |
+------+------+------+----------------+
|    0 |   10 | A    |  1526480240656 |
+------+------+------+----------------+
~~~

~~~
mysql> select * from demo_0004.t20180511;
+------+------+------+----------------+
| id   | c1   | c2   | _mycat_op_time |
+------+------+------+----------------+
|    0 |   10 | A    |  1526480240656 |
+------+------+------+----------------+
~~~

7、再用explain查看该select的执行计划，只返回一样记录，说明因为全局表在每个分片中的数据都是完全一样的，所以就只选择其中一个分片进行查询即可。
~~~
mysql> explain select * from t20180511;
+-----------+-----------------------------------+
| DATA_NODE | SQL                               |
+-----------+-----------------------------------+
| dn        | SELECT * FROM t20180511 LIMIT 100 |
+-----------+-----------------------------------+
1 row in set (0.01 sec)
~~~

8、进一步演示，插入另外一行数据，c2字段的内容有所不同。SQL如下所示：
~~~
mysql> insert into t20180511(id,c1,c2) values(1,11,database());
mysql> select * from t20180511;
+------+------+------+----------------+
| id   | c1   | c2   | _mycat_op_time |
+------+------+------+----------------+
|    0 |   10 | A    |  1526480240656 |
|    1 |   11 | demo |  1526480705565 |
+------+------+------+----------------+
~~~
此时发现，c2字段的内容为每个分片的database的名称。

可以直接在MySQL库中随机选择个分片查询该表的数据，也能证实。
~~~
mysql> select * from demo_0000.t20180511;
+------+------+-----------+----------------+
| id   | c1   | c2        | _mycat_op_time |
+------+------+-----------+----------------+
|    0 |   10 | A         |  1526480240656 |
|    1 |   11 | demo_0000 |  1526480705565 |
+------+------+-----------+----------------+
~~~

~~~
mysql> select * from demo_0004.t20180511;
+------+------+-----------+----------------+
| id   | c1   | c2        | _mycat_op_time |
+------+------+-----------+----------------+
|    0 |   10 | A         |  1526480240656 |
|    1 |   11 | demo_0004 |  1526480705565 |
+------+------+-----------+----------------+
~~~
那么，此时全局表中的数据就不一定完全一致了，所以这点一定要注意，在对全局表进行insert或update的时候，不能使用类似于database()这种函数来作为字段的值。



### 总结
1、全局表一般数据量都很小；
 
2、全局表中的数据操作一般都不频繁；
 
3、在对全局表进行insert或update的时候，不能使用类似于database()这种函数来作为字段的值，否则会导致全局表的数据会不一定完全相同。




---
更多分布式数据库技术，请关注“分布式数据库技术”公众号.

![公众号](../../DRDS-X.jpg)